Name,IsDaily,IsPromoOF,IsPromoSub,IsTest,dickOnly,HasFlair,Flair Name,isXOK
Alilofeverything,FALSE,TRUE,TRUE,FALSE,FALSE,FALSE,Null,TRUE
bigdickgirl,FALSE,TRUE,TRUE,FALSE,TRUE,FALSE,Null,TRUE
BisexualFantasy,FALSE,FALSE,TRUE,FALSE,FALSE,TRUE,OC,FALSE
Cumrades,FALSE,TRUE,TRUE,FALSE,FALSE,TRUE,Promotion,TRUE
dickgirls,FALSE,TRUE,TRUE,FALSE,FALSE,FALSE,Null,TRUE
EnbyLewds,FALSE,TRUE,TRUE,FALSE,FALSE,TRUE,She/Her,TRUE
FemBoys,FALSE,FALSE,TRUE,FALSE,FALSE,FALSE,Null,FALSE
FemCreators,FALSE,TRUE,TRUE,FALSE,FALSE,TRUE,Photo,TRUE
ForeskinnyGirls,FALSE,TRUE,TRUE,FALSE,TRUE,TRUE,OC,TRUE
GoneWildTrans,FALSE,TRUE,TRUE,FALSE,FALSE,FALSE,Null,FALSE
GOONED,FALSE,FALSE,TRUE,FALSE,FALSE,FALSE,Null,TRUE
gurlslikeus,TRUE,TRUE,TRUE,FALSE,FALSE,FALSE,Null,FALSE
HerCocksBigger,FALSE,TRUE,TRUE,FALSE,TRUE,FALSE,Null,TRUE
LGBTGoneWild,FALSE,FALSE,TRUE,FALSE,FALSE,FALSE,Null,FALSE
OnlyIfShesPackin,TRUE,TRUE,TRUE,FALSE,FALSE,TRUE,Self Promo,FALSE
queerbodies,FALSE,TRUE,TRUE,FALSE,FALSE,FALSE,She/her Praise me,TRUE
Safe4Trans,FALSE,FALSE,FALSE,FALSE,FALSE,TRUE,TRANS FEM,FALSE
ShemaleBeauty,FALSE,TRUE,TRUE,FALSE,FALSE,FALSE,Null,TRUE
Shemales,FALSE,TRUE,TRUE,FALSE,FALSE,FALSE,Null,FALSE
ShemalesParadise,FALSE,TRUE,TRUE,FALSE,FALSE,FALSE,Null,FALSE
Sissies,FALSE,FALSE,TRUE,FALSE,FALSE,FALSE,Null,FALSE
TgirlHUB,FALSE,TRUE,TRUE,FALSE,FALSE,FALSE,Null,FALSE
Tgirls,FALSE,TRUE,TRUE,FALSE,FALSE,FALSE,Null,TRUE
TgirlXXX,FALSE,FALSE,TRUE,FALSE,FALSE,FALSE,Null,TRUE
thiccfems,FALSE,TRUE,TRUE,FALSE,FALSE,FALSE,Null,TRUE
TransDebauchery,TRUE,TRUE,TRUE,FALSE,FALSE,FALSE,Null,FALSE
TransExtravagant,FALSE,TRUE,TRUE,TRUE,FALSE,TRUE,Devlish,TRUE
transgirls,FALSE,TRUE,TRUE,FALSE,FALSE,FALSE,Null,TRUE
TransGoneWild,FALSE,TRUE,TRUE,FALSE,FALSE,FALSE,Null,FALSE
transporn,FALSE,FALSE,TRUE,FALSE,FALSE,FALSE,Null,FALSE
traps,TRUE,TRUE,TRUE,FALSE,FALSE,FALSE,Null,FALSE
Trapsarentgay,TRUE,TRUE,TRUE,FALSE,FALSE,TRUE,Photo,FALSE
trapsfemboystgirls,FALSE,TRUE,TRUE,FALSE,FALSE,FALSE,Null,TRUE
trapsgonewild,FALSE,TRUE,TRUE,FALSE,FALSE,FALSE,Null,TRUE